{"cameraMode":{"drawMode":0,"name":"Shaded","section":"Shading Mode"},"sceneLighting":true,"audioPlay":false,"sceneViewState":{"m_AlwaysRefresh":false,"showFog":true,"showSkybox":true,"showFlares":true,"showImageEffects":true,"showParticleSystems":true,"showVisualEffectGraphs":true,"m_FxEnabled":true},"in2DMode":false,"pivot":{"x":2.0999984741210939,"y":-2.0717501640319826,"z":41.300201416015628},"rotation":{"x":0.1162092313170433,"y":0.8837122321128845,"z":-0.3134125769138336,"w":0.32778432965278628},"size":39.24201965332031,"orthographic":false}