{"cameraMode":{"drawMode":0,"name":"Shaded","section":"Shading Mode"},"sceneLighting":false,"audioPlay":false,"sceneViewState":{"m_AlwaysRefresh":false,"showFog":true,"showSkybox":false,"showFlares":true,"showImageEffects":true,"showParticleSystems":true,"showVisualEffectGraphs":true,"m_FxEnabled":true},"in2DMode":false,"pivot":{"x":-0.40816760063171389,"y":1.7100000381469727,"z":-0.006096869707107544},"rotation":{"x":0.00007831736002117395,"y":0.9652758240699768,"z":-0.2612437605857849,"w":0.00029148836620151997},"size":1.262682318687439,"orthographic":false}